,loss,mse,RMSE,PCC,PCC_RMSE,val_loss,val_mse,val_RMSE,val_PCC,val_PCC_RMSE,lr,epochs
0,547.7557373046875,93.79061126708984,6.859313011169434,0.026578299701213837,2.7391891479492188,548.6577758789062,99.19651794433594,9.300030708312988,-0.24728570878505707,3.663109302520752,0.0010000000474974513,0
1,547.7464599609375,94.6343765258789,6.876956939697266,0.01612487994134426,2.7517995834350586,547.7897338867188,51.2504768371582,6.179114818572998,-0.4038757085800171,2.8364474773406982,0.0010000000474974513,1
